Dataset,Type,nTEterminals,nTEcharacters,nMOLterminals,nMolCharacters,nMorphCharacters,nInvariantCharacters,%MOL/Total,%Morph/Total,nUniqueMorphTerminals,MP_MOL_Score,MP_MOL_homoplasy,MP_MOL_CI,MP_MOL_RI,MP_MOLonTE_Score,MP_MOLonTE_homoplasy,MP_MOLonTE_CI,MP_MOLonTE_RI,MP_MOL_nClades,MP_MOL_MeanBS,MP_MORPHonTE_Score,MP_MORPHonTE_homoplasy,MP_MORPHonTE_CI,MP_MORPHonTE_RI,MP_TE_Score,MP_TE_homoplasy,MP_TE_CI,MP_TE_RI,MP_TE_nClades,MP_TE_MeanBS,MP_MOL/TE_Score,MP_MORPH/TE_Score,MP_(MORPH/TE)/MORPH,MP_(MORPH-homo)/(TE-homo),MP_(MORPHxCImorph)/(TExCIte),MP_nPolytomiesMOL,MP_nPolytomiesTE,MP_nUniqueCladesMOL,MP_nUniqueCladesTE,MP_MOLvsTE_nSharedClades,MP_MOLvsTE_NormalizedRF_strictConsensus,MP_MOLvsTE_NormalizedMinRF,MP_MOLvsTE_NormalizedMaxRF,MP_MOLvsTE_NormalizedMeanRF,MP_MOLvsTE_NormalizedMinSPR,MP_MOLvsTE_NormalizedMaxSPR,MP_MOLvsTE_NormalizedMeanSPR,MP_MOLvsTE_NormalizedCID_strictConsensus,MP_MOLvsTE_ACID_strictConsensus,MP_MOLvsTE_NormalizedMinCID,MP_MOLvsTE_NormalizedMaxCID,MP_MOLvsTE_NormalizedMeanCID,ML_MOL_Score,ML_TNT_MOL_Score,ML_TNT_MOL_homoplasies,ML_TNT_MOL_CI,ML_TNT_MOL_RI,ML_MOL_MeanBS,ML_MOL_nClades,ML_TE_noASC_Score,ML_TNT_MOLonTEnoASC_Score,ML_TNT_MOLonTEnoASC_homoplasies,ML_TNT_MOLonTEnoASC_CI,ML_TNT_MOLonTEnoASC_RI,ML_TNT_MORPHonTEnoASC_score,ML_TNT_MORPHonTEnoASC_homoplasies,ML_TNT_MORPHonTEnoASC_CI,ML_TNT_MORPHonTEnoASC_RI,ML_TNT_TEnoASC_Score,ML_TNT_TEnoASC_homoplasies,ML_TNT_TEnoASC_CI,ML_TNT_TEnoASC_RI,ML_TE_noASC_MeanBS,ML_TE_noASC_nClades,ML_MOL/TEnoASC_Score,ML_MORPH/TEnoASC_Score,ML_(MORPH/TEnoASC)/MORPH,ML_(MORPH-HOMOmorph)/(TEnoASC-HOMOte),ML_(MORPHxCImorph)/(TEnoASCxCIte),ML_TE_ASC_Score,ML_TNT_MOLonTEasc_Score,ML_TNT_MOLonTEasc_homoplasies,ML_TNT_MOLonTEasc_CI,ML_TNT_MOLonTEasc_RI,ML_TNT_MORPHonTEasc_score,ML_TNT_MORPHonTEasc_homoplasies,ML_TNT_MORPHonTEasc_CI,ML_TNT_MORPHonTEasc_RI,ML_TNT_TEasc_Score,ML_TNT_TEasc_homoplasies,ML_TNT_TEasc_CI,ML_TNT_TEasc_RI,ML_TE_ASC_MeanBS,ML_TE_ASC_nClades,ML_MOL/TEASC_Score,ML_MORPH/TeASC_Score,ML_(MORPH/Teasc)/MORPH,ML_(MORPH-HOMOmorph)/(TEasc-HOMOte),ML_(MORPHxCImorph)/(TEascxCIte),ML_nPolytomiesMOL,ML_nPolytomiesTEnoASC,ML_nPolytomiesTEASC,ML_MOLvsTEASC_nUniqueCladesMOL,ML_MOLvsTEASC_nUniqueCladesTEASC,ML_MOLvsTEASC_nSharedClades,ML_MOLvsTEASC_NormalizedRF,ML_MOLvsTEASC_NormalizedSPR,ML_MOLvsTEASC_NormalizedCID,ML_MOLvsTEASC_ACID,ML_MOLvsTEnoASC_nUniqueCladesMOL,ML_MOLvsTEnoASC_nUniqueCladesTEnoASC,ML_MOLvsTEnoASC_nSharedClades,ML_MOLvsTEnoASC_NormalizedRF,ML_MOLvsTEnoASC_NormalizedSPR,ML_MOLvsTEnoASC_NormalizedCID,ML_MOLvsTENOASC_ACID
001_Janssens,Extant,73,950,73,937,13,0,0.986315789,0.013684211,0,344,64,0.814,0.926,346,66,0.809,0.924,48,51.7,130,104,0.2,0.586,490,184,0.624,0.835,48,39,0.706122449,0.265306122,0.002040816,0.08496732,0.265235729,10,5,19,4,29,0.298701299,0.1571429,0.4285714,0.308097,0.09051559,0.2715468,0.1937578,0.272756604,0.07793,0.07486454,0.2445571,0.1767247,-3505.3851,344,64,0.814,0.926,84.1,71,-4279.0018,346,66,0.809,0.924,145,119,0.179,0.526,491,185,0.623,0.834,87.4,71,0.704684318,0.295315682,0.00203666,0.08496732,0.295325841,-4278.9987,346,66,0.809,0.924,145,119,0.179,0.526,491,185,0.623,0.834,87.1,71,0.704684318,0.295315682,0.00203666,0.08496732,0.295325841,1,1,1,17,17,59,0.242857143,0.1659452,0.135448892,0.06996,17,17,54,0.24285714,0.105601519,0.135448892,0.06996
002_Vieira,Extant,10,1946,10,1838,108,1,0.944501542,0.055498458,0,2006,684,0.659,0.379,2006,684,0.659,0.379,9,74.1,165,41,0.752,0.715,2173,727,0.665,0.416,9,78.5,0.923147722,0.075931891,0.000460193,0.085753804,0.075608965,0,1,2,0,7,0.166666667,0,0.2857143,0.1428571,0,0.1643173,0.08215865,0.160998153,0.13038,0,0.1945317,0.09726584,-10227.4698,2008,686,0.658,0.377,86.3,8,-11057.894,2008,686,0.658,0.377,165,41,0.752,0.715,2173,727,0.665,0.416,90.1,8,0.924068109,0.075931891,0.000460193,0.085753804,0.075608965,-11037.4715,2008,686,0.658,0.377,165,41,0.752,0.715,2173,727,0.665,0.416,89.4,8,0.924068109,0.075931891,0.000460193,0.085753804,0.075608965,1,1,1,0,0,8,0,0,0,0,0,0,8,0,0,0,0
003_Leary,Extant,9,2780,9,2657,123,34,0.955755396,0.044244604,0,2138,599,0.72,0.454,2145,606,0.717,0.448,8,93.9,160,52,0.675,0.548,2298,658,0.714,0.453,8,82.7,0.933420366,0.069625762,0.000435161,0.065853659,0.069353576,0,0,1,1,7,0.166666667,0.1666667,0.1666667,0.1666667,0.1931574,0.1931574,0.1931574,0.161898556,0.1527,0.1618986,0.1618986,0.1618986,-12528.8058,2142,603,0.718,0.451,89.5,7,-13345.9606,2145,606,0.717,0.448,160,52,0.675,0.548,2298,658,0.714,0.453,91.8,7,0.933420366,0.069625762,0.000435161,0.065853659,0.069353576,-13232.4803,2145,606,0.717,0.448,160,52,0.675,0.548,2298,658,0.714,0.453,90.8,7,0.933420366,0.069625762,0.000435161,0.065853659,0.069353576,1,1,1,1,1,6,0.166666667,0.1931574,0.144415288,0.13829,1,1,6,0.166666667,0.1931574,0.144415288,0.13829
004_Magallon,Extant,34,5470,34,5415,55,1,0.989945155,0.010054845,0,2182,517,0.763,0.728,2183,518,0.763,0.727,31,72,205,111,0.459,0.636,2366,632,0.733,0.713,31,68.3,0.922654269,0.086644125,0.000422654,0.054209919,0.086476918,2,4,7,3,24,0.185185185,0.09677419,0.2258065,0.1505376,0.0697555,0.1743888,0.1162592,0.135093379,0.08434,0.04730852,0.1325161,0.08474917,-19928.2399,2183,518,0.763,0.727,90.5,32,-21074.6893,2184,519,0.762,0.727,207,113,0.454,0.63,2366,632,0.733,0.713,92.2,32,0.923076923,0.087489434,0.000422654,0.054209919,0.087324602,-21067.9098,2184,519,0.762,0.727,207,113,0.454,0.63,2366,632,0.733,0.713,92.2,32,0.923076923,0.087489434,0.000422654,0.054209919,0.087324602,1,1,1,2,2,30,0.064516129,0.03487775,0.028460419,0.02038,2,2,30,0.064516129,0.03487775,0.028460419,0.02038
005_LinHastings,Extant,40,3692,40,3544,148,0,0.959913326,0.040086674,0,4816,3260,0.323,0.477,4821,3265,0.323,0.476,37,70.8,359,169,0.529,0.817,5202,3456,0.336,0.517,37,74.7,0.926758939,0.069011918,0.000192234,0.10882016,0.068914678,1,3,8,1,29,0.142857143,0.08108108,0.1621622,0.1381381,0.08716422,0.116219,0.106534,0.136902578,0.06768,0.08195487,0.1208756,0.1019255,-24943.4814,4831,3275,0.322,0.475,89.3,38,-27356.6572,4851,3295,0.321,0.471,356,166,0.534,0.82,5207,3461,0.335,0.516,94.6,38,0.931630497,0.068369503,0.000192049,0.10882016,0.068271341,-27343.0802,4851,3295,0.321,0.471,356,166,0.534,0.82,5207,3461,0.335,0.516,94.4,38,0.931630497,0.068369503,0.000192049,0.10882016,0.068271341,1,1,1,8,8,30,0.216216216,0.1452737,0.182333071,0.11569,8,8,30,0.216216216,0.1452737,0.182333071,0.11569
006_Klopfstein,Extant,77,2212,77,2146,66,0,0.970162749,0.029837251,0,5369,3876,0.278,0.623,5374,3881,0.278,0.623,64,66.9,642,527,0.179,0.62,6023,4415,0.267,0.622,64,65.5,0.892246389,0.1065914,0.00016603,0.071517413,0.106566404,5,3,15,9,49,0.203389831,0.09459459,0.2837838,0.1998362,0.04275339,0.1710136,0.1155205,0.194703007,0.06998,0.066529,0.1833678,0.1271483,-27051.8612,5393,3900,0.277,0.621,94.2,75,-30711.4521,5405,3912,0.276,0.62,648,533,0.177,0.615,6053,4445,0.266,0.619,93.9,75,0.892945647,0.107054353,0.000165207,0.071517413,0.107029815,-30711.4665,6053,4445,0.266,0.619,648,533,0.177,0.615,6053,4445,0.266,0.619,94.1,75,1,0.107054353,0.000165207,0.071517413,0.107029815,1,1,1,8,8,67,0.108108108,0.08550678,0.056615547,0.02668,8,8,67,0.108108108,0.08550678,0.056615547,0.02668
007_Echevarria,Extant,267,14315,267,14264,51,0,0.996437304,0.003562696,0,83483,69543,0.167,0.448,83483,69543,0.167,0.448,237,63.2,303,226,0.254,0.775,83789,69772,0.167,0.451,237,63,0.996347969,0.003616226,1.19347E-05,0.00549333,0.003613202,11,10,3,15,234,0.037344398,0,0.07575758,0.03849306,0,0.05461058,0.0300222,0.041649033,0.00878,0,0.03846526,0.0218036,-347967.7899,83799,69859,0.166,0.446,81.9,265,-349255.4412,83823,69883,0.166,0.445,317,240,0.243,0.761,84140,70123,0.167,0.448,96.2,265,0.99623247,0.00376753,1.1885E-05,0.00549333,0.00376465,-349254.8786,83800,69860,0.166,0.446,318,241,0.242,0.76,84118,70101,0.167,0.448,95.6,265,0.996219596,0.003780404,1.18881E-05,0.00549333,0.003777534,1,1,1,11,11,254,0.041666667,0.01170227,0.020791359,0.00509,13,13,252,0.049242424,0.01560302,0.026030594,0.00638
008_Cascini,Extant,28,15372,28,15253,119,0,0.992258652,0.007741348,0,15355,9373,0.39,0.421,15355,9373,0.39,0.421,27,89.9,398,197,0.505,0.654,15753,9570,0.392,0.429,27,93.9,0.974734971,0.025265029,6.348E-05,0.032508491,0.025233599,0,0,0,0,27,0,0,0,0,0,0,0,0,0,0,0,0,-82259.598,15357,9375,0.39,0.421,95.4,26,-84495.2036,15432,9450,0.388,0.416,386,185,0.521,0.675,15818,9635,0.391,0.425,95.7,26,0.975597421,0.024402579,6.32191E-05,0.032508491,0.024370245,-84492.0971,15432,9450,0.388,0.416,386,185,0.521,0.675,15818,9635,0.391,0.425,95.8,26,0.975597421,0.024402579,6.32191E-05,0.032508491,0.024370245,1,1,1,3,3,23,0.12,0.1307162,0.098879477,0.07482,3,3,23,0.12,0.1307162,0.098879477,0.07482
009_Wood,Extant,32,5444,32,5316,128,0,0.976487877,0.023512123,0,9349,4624,0.505,0.462,9364,4639,0.505,0.461,21,55.1,356,191,0.466,0.771,9726,4836,0.503,0.485,21,51.3,0.962780177,0.03660292,0.000102817,0.033742331,0.036556898,4,4,5,2,16,0.2,0.2068966,0.3448276,0.2835249,0.07473454,0.2615709,0.1702287,0.173652514,0.0715,0.1710505,0.2465916,0.2135493,-44986.6141,9379,4654,0.504,0.459,87.8,30,-47159.7743,9391,4666,0.503,0.458,357,192,0.465,0.77,9748,4858,0.502,0.482,88.4,30,0.963377103,0.036622897,0.000102585,0.033742331,0.036577079,-47150.9447,9391,4666,0.503,0.458,357,192,0.465,0.77,9748,4858,0.502,0.482,87.5,30,0.963377103,0.036622897,0.000102585,0.033742331,0.036577079,1,1,1,7,7,23,0.24137931,0.1494691,0.188363502,0.1314,7,7,23,0.24137931,0.1494691,0.188363502,0.1314
010_Anker,Extant,16,548,16,509,39,5,0.928832117,0.071167883,0,546,235,0.57,0.52,547,235,0.569,0.518,15,64.6,75,32,0.68,0.861,623,270,0.567,0.52,15,68.7,0.878009631,0.120385233,0.001605136,0.121813031,0.11940241,0,1,2,1,13,0.12,0.07692308,0.1538462,0.1153846,0.08599065,0.1719813,0.128986,0.115293951,0.0932,0.0616186,0.1432071,0.1024129,-2964.2402,547,236,0.569,0.518,75.8,12,-3341.0815,551,240,0.564,0.51,75,32,0.68,0.861,626,273,0.564,0.514,79.5,12,0.880191693,0.119808307,0.001597444,0.121813031,0.118829105,-3318.9341,551,240,0.564,0.51,75,32,0.68,0.861,626,273,0.564,0.514,78.3,12,0.880191693,0.119808307,0.001597444,0.121813031,0.118829105,1,1,1,1,1,13,0.076923077,0.08599065,0.091606133,0.07731,1,1,13,0.076923077,0.08599065,0.091606133,0.07731
011_Beck,Extant,107,24717,107,24537,180,6,0.992717563,0.007282437,0,154682,125261,0.19,0.468,154685,125264,0.19,0.468,105,80.4,701,460,0.344,0.749,155386,125724,0.191,0.47,102,80.4,0.995488654,0.004511346,6.43559E-06,0.008124874,0.004509138,1,2,11,8,94,0.09359606,0.06730769,0.1153846,0.09134615,0.06037643,0.1006274,0.08050191,0.08068736,0.03249,0.06769149,0.09154977,0.07978891,-1024688.516,154952,125531,0.19,0.467,97.2,105,-1028961.532,154967,125546,0.19,0.467,714,473,0.338,0.742,155681,126019,0.191,0.469,97.1,105,0.995413699,0.004586301,6.42339E-06,0.008124874,0.004584136,-1026119.853,155021,125600,0.19,0.467,710,469,0.339,0.744,155731,126069,0.19,0.469,96.2,105,0.995440856,0.004559144,6.42133E-06,0.008124874,0.004556972,1,1,1,13,13,92,0.125,0.100627387,0.0580897,0.02476,9,9,96,0.086538462,0.07043917,0.075304614,0.03264
012_Near,Extant,10,7301,10,7173,128,25,0.982468155,0.017531845,0,4390,1060,0.759,0.737,4390,1060,0.759,0.737,9,100,160,34,0.787,0.757,4550,1094,0.76,0.738,9,99.9,0.964835165,0.035164835,0.00021978,0.036458333,0.034997714,0,0,0,0,9,0,0,0,0,0,0,0,0,0,0,0,0,-27522.1681,4390,1060,0.759,0.737,96,8,-28343.339,4417,1087,0.754,0.73,155,29,0.813,0.793,4572,1116,0.756,0.732,95,8,0.966097988,0.033902012,0.000218723,0.036458333,0.033729768,-28243.6369,4417,1087,0.754,0.73,155,29,0.813,0.793,4572,1116,0.756,0.732,96,8,0.966097988,0.033902012,0.000218723,0.036458333,0.033729768,1,1,1,1,1,7,0.142857143,0.1643173,0.13019169,0.12513,1,1,7,0.142857143,0.1643173,0.13019169,0.12513
013_Vinther,Extant,37,2164,37,2030,134,32,0.938077634,0.061922366,0,6183,3108,0.497,0.391,6186,3111,0.497,0.391,36,54.3,146,41,0.719,0.889,6335,3155,0.502,0.424,36,63.6,0.976479874,0.023046567,0.000157853,0.033018868,0.022934888,0,3,15,1,21,0.296296296,0.1764706,0.2352941,0.2058824,0.0951114,0.1268152,0.1003954,0.39061573,0.18684,0.1149436,0.1712911,0.1456048,-37683.1988,6199,3124,0.496,0.388,79.6,35,-38763.0393,6196,3121,0.496,0.389,146,41,0.719,0.889,6342,3162,0.501,0.423,85.3,35,0.976978871,0.023021129,0.000157679,0.033018868,0.022909568,-38685.9692,6196,3121,0.496,0.389,146,41,0.719,0.889,6342,3162,0.501,0.423,85.3,35,0.976978871,0.023021129,0.000157679,0.033018868,0.022909568,1,1,1,1,1,34,0.029411765,0.0317038,0.023541331,0.01541,1,1,34,0.029411765,0.0317038,0.023541331,0.01541
014_Lee,Extant,46,41401,46,36860,4541,578,0.890316659,0.109683341,0,97787,55094,0.437,0.397,97919,55226,0.436,0.396,45,87,20539,15406,0.25,0.398,118460,70634,0.404,0.396,45,92.4,0.826599696,0.173383421,8.44167E-06,0.107326559,0.173381901,0,1,7,6,38,0.152941176,0.1395349,0.1627907,0.1511628,0.09954365,0.1244296,0.1119866,0.094541437,0.05393,0.09070452,0.1005827,0.09564359,-464645.3236,97987,55294,0.436,0.395,96.2,44,-588077.7819,98213,55520,0.435,0.393,20436,15303,0.251,0.402,118649,70823,0.403,0.395,93.4,44,0.827760875,0.172239125,8.42822E-06,0.107326559,0.172237595,-585336.1607,98213,55520,0.435,0.393,20436,15303,0.251,0.402,118649,70823,0.403,0.395,93.4,44,0.827760875,0.172239125,8.42822E-06,0.107326559,0.172237595,1,1,1,10,10,34,0.23255814,0.1742014,0.140773226,0.08143,10,10,34,0.23255814,0.1742014,0.140773226,0.08143
015_Gavryushkina,Extant,19,6894,19,6642,252,122,0.963446475,0.036553525,0,1663,529,0.682,0.743,1664,530,0.681,0.742,18,83.6,259,77,0.703,0.823,1925,609,0.684,0.756,18,80.7,0.864415584,0.134545455,0.000519481,0.138297872,0.134227954,0,2,4,1,14,0.172413793,0.0625,0.1875,0.125,0.06925953,0.1385191,0.1154325,0.177759582,0.13042,0.08054398,0.1850453,0.1277538,-17652.6871,1666,532,0.681,0.741,89,17,-19580.6309,1666,532,0.681,0.741,259,77,0.703,0.823,1925,609,0.684,0.756,90.8,17,0.865454545,0.134545455,0.000519481,0.138297872,0.134227954,-19070.3723,1666,532,0.681,0.741,259,77,0.703,0.823,1925,609,0.684,0.756,90.8,17,0.865454545,0.134545455,0.000519481,0.138297872,0.134227954,1,1,1,0,0,17,0,0,0,0,0,0,17,0,0,0,0
016_VeaGrimaldi,Extant,48,3905,48,3731,174,6,0.955441741,0.044558259,0,7329,3985,0.456,0.513,7365,4021,0.454,0.509,12,46.8,1087,800,0.264,0.604,8461,4830,0.429,0.527,12,55.8,0.870464484,0.128471812,0.000118189,0.079041586,0.128447123,2,2,0,33,12,0.622641509,0.3111111,0.4444444,0.3824373,0.1424879,0.2374799,0.1880687,0.726934119,0.23827,0.217067,0.2629149,0.2430503,-33425.1943,7382,4038,0.453,0.506,86.7,46,-39759.7941,7448,4104,0.449,0.498,1050,763,0.273,0.623,8498,4867,0.427,0.523,88.7,46,0.876441516,0.123558484,0.000117675,0.079041586,0.123532566,-39708.3489,7448,4104,0.449,0.498,1050,763,0.273,0.623,8498,4867,0.427,0.523,89.3,46,0.876441516,0.123558484,0.000117675,0.079041586,0.123532566,1,1,1,22,22,24,0.488888889,0.2849758,0.286098587,0.15877,22,22,24,0.488888889,0.2849758,0.286098587,0.15877
017_Ronquist,Extant,59,5449,59,5096,353,2,0.935217471,0.064782529,0,15896,11875,0.253,0.377,15950,11929,0.252,0.374,58,49.3,1531,1050,0.314,0.705,17481,12979,0.258,0.426,58,62.7,0.912419198,0.087580802,5.7205E-05,0.106841404,0.087564132,0,0,15,15,43,0.267857143,0.2678571,0.2678571,0.2678571,0.1706967,0.1706967,0.1706967,0.17843049,0.09361,0.1784305,0.1784305,0.1784305,-65935.5365,16062,12041,0.25,0.368,76.3,57,-74735.5324,16069,12048,0.25,0.368,1498,1017,0.321,0.714,17567,13065,0.256,0.422,79.1,57,0.914726476,0.085273524,5.69249E-05,0.106841404,0.085256494,-74706.5191,16069,12048,0.25,0.368,1498,1017,0.321,0.714,17567,13065,0.256,0.422,79.4,57,0.914726476,0.085273524,5.69249E-05,0.106841404,0.085256494,1,1,1,13,13,44,0.232142857,0.1327641,0.116531509,0.06364,13,13,44,0.232142857,0.1327641,0.116531509,0.06364
018_MarxFordyce,Extant,12,37285,12,37013,272,48,0.992704841,0.007295159,0,9252,3440,0.628,0.418,9255,3443,0.628,0.418,11,90.5,424,156,0.632,0.603,9677,3598,0.628,0.43,11,93.9,0.956391444,0.043815232,0.000103338,0.044086198,0.043752762,0,0,1,1,10,0.111111111,0.1111111,0.1111111,0.1111111,0.1262808,0.1262808,0.1262808,0.114285342,0.10289,0.1142853,0.1142853,0.1142853,-86325.7949,9272,3460,0.627,0.415,97.9,10,-88559.7654,9276,3464,0.627,0.414,411,143,0.652,0.636,9685,3606,0.628,0.428,95.8,10,0.957769747,0.042436758,0.000103252,0.044086198,0.042372185,-88559.7654,9276,3464,0.627,0.414,411,143,0.652,0.636,9685,3606,0.628,0.428,95.9,10,0.957769747,0.042436758,0.000103252,0.044086198,0.042372185,1,1,1,1,1,9,0.111111111,0.1262808,0.111693607,0.10289,1,1,9,0.111111111,0.1262808,0.111693607,0.10289
019_Lee,Extant,53,22526,53,22131,395,20,0.982464707,0.017535293,0,39963,26062,0.348,0.45,39963,26062,0.348,0.45,52,86.3,770,305,0.604,0.809,40740,26374,0.353,0.461,52,88.1,0.980927835,0.018900344,2.45459E-05,0.032368091,0.018885682,0,0,2,2,50,0.04,0.04,0.04,0.04,0.04261731,0.04261731,0.04261731,0.050960229,0.02663,0.05096023,0.05096023,0.05096023,-218652.666,40062,26161,0.347,0.448,91.9,51,-224511.33,40063,26162,0.347,0.448,769,304,0.605,0.81,40832,26466,0.352,0.46,93,51,0.981166732,0.018833268,2.44906E-05,0.032368091,0.018818613,-224400.7119,40063,26162,0.347,0.448,769,304,0.605,0.81,40832,26466,0.352,0.46,93,51,0.981166732,0.018833268,2.44906E-05,0.032368091,0.018818613,1,1,1,2,2,49,0.04,0.04261731,0.02172034,0.01168,2,2,49,0.04,0.04261731,0.02172034,0.01168
020_Wiens,Extant,45,16092,45,15794,298,0,0.981481481,0.018518519,0,29616,17550,0.407,0.542,29657,17591,0.407,0.541,44,90.9,1489,1083,0.273,0.572,31148,18676,0.4,0.543,44,88.8,0.952131758,0.047804032,3.21048E-05,0.032552919,0.047795882,0,1,4,3,40,0.084337349,0.07142857,0.0952381,0.08333333,0.07648909,0.1019855,0.08923727,0.085566287,0.04847,0.07832895,0.08725583,0.08279239,-161474.3542,29694,17628,0.406,0.54,95.3,43,-169478.5099,29731,17665,0.406,0.539,1485,1079,0.273,0.574,31216,18744,0.4,0.541,95.6,43,0.952428242,0.047571758,3.20349E-05,0.032552919,0.047563622,-169478.0948,29731,17665,0.406,0.539,1485,1079,0.273,0.574,31216,18744,0.4,0.541,95.8,43,0.952428242,0.047571758,3.20349E-05,0.032552919,0.047563622,1,1,1,4,4,39,0.095238095,0.1019855,0.086375181,0.05024,4,4,39,0.095238095,0.1019855,0.086375181,0.05024
021_HarringtonReeder,Extant,37,34387,37,33717,670,29,0.980515893,0.019484107,0,40611,17894,0.559,0.643,40619,17902,0.559,0.643,32,88,1810,943,0.479,0.7,42434,18850,0.556,0.646,32,94.5,0.957227695,0.042654475,2.3566E-05,0.036762212,0.042643746,2,1,0,3,32,0.047619048,0.08823529,0.1176471,0.1029412,0.0317038,0.0634076,0.0475557,0.089246721,0.05371,0.08663268,0.1461487,0.1101176,-239011.124,40612,17895,0.559,0.643,95.2,35,-249211.5909,40625,17908,0.559,0.643,1817,950,0.477,0.697,42442,18858,0.556,0.646,98.4,35,0.957188634,0.042811366,2.35616E-05,0.036762212,0.042800688,-249082.568,40625,17908,0.559,0.643,1817,950,0.477,0.697,42442,18858,0.556,0.646,98.4,35,0.957188634,0.042811366,2.35616E-05,0.036762212,0.042800688,1,1,1,2,2,33,0.058823529,0.0317038,0.060645943,0.04133,2,2,33,0.058823529,0.0317038,0.060645943,0.04133
022_May,Extant,30,6265,30,6167,98,7,0.984357542,0.015642458,0,3909,1371,0.649,0.718,3909,1371,0.649,0.718,24,67.2,178,69,0.612,0.83,4091,1444,0.647,0.726,21,67.1,0.9555121,0.043510144,0.000244439,0.041178693,0.043367406,2,4,3,0,21,0.073170732,0,0.1851852,0.1069959,0,0.1609383,0.04023457,0.084605216,0.05018,0,0.1341281,0.07254169,-25870.5151,3935,1397,0.645,0.713,84.1,28,-26995.6187,3931,1393,0.646,0.713,184,75,0.592,0.815,4115,1468,0.643,0.721,81.8,28,0.955285541,0.044714459,0.000243013,0.041178693,0.044577561,-26962.1115,3931,1393,0.646,0.713,184,75,0.592,0.815,4115,1468,0.643,0.721,80.8,28,0.955285541,0.044714459,0.000243013,0.041178693,0.044577561,1,1,1,6,6,22,0.222222222,0.1609383,0.128982997,0.0972,6,6,22,0.222222222,0.1609383,0.128982997,0.0972
023_Price,Extant,59,3973,59,3875,98,0,0.975333501,0.024666499,0,9107,6931,0.239,0.474,9108,6932,0.239,0.474,31,55.8,276,140,0.493,0.752,9386,7074,0.246,0.485,31,63.7,0.970381419,0.029405498,0.000106542,0.058823529,0.029353742,2,2,0,24,31,0.292682927,0.03571429,0.2321429,0.1145833,0.0189663,0.1517304,0.07586522,0.410498031,0.14443,0.01589657,0.1994698,0.08636286,-39809.7655,9169,6993,0.237,0.469,89.1,57,-41370.4607,9190,7014,0.237,0.468,264,128,0.515,0.773,9454,7142,0.245,0.48,92.4,57,0.972075312,0.027924688,0.000105775,0.058823529,0.027870936,-41365.0891,9193,7017,0.237,0.467,263,127,0.517,0.775,9456,7144,0.245,0.48,92.6,57,0.972186971,0.027813029,0.000105753,0.058823529,0.027759074,1,1,1,9,9,48,0.160714286,0.1137978,0.152213828,0.07846,9,9,48,0.160714286,0.1137978,0.152213828,0.07452
024_Garwood,Extant,39,4138,39,3885,253,104,0.938859352,0.061140648,0,4066,2129,0.476,0.565,4070,2133,0.476,0.564,34,64,255,84,0.671,0.852,4326,2218,0.487,0.594,34,72.2,0.940822931,0.058945908,0.00023116,0.081119545,0.058797419,2,2,8,5,26,0.21311475,0.1111111,0.2777778,0.1944444,0.089663,0.179326,0.1270226,0.181698664,0.09881,0.0871512,0.1802188,0.1304143,-22757.4332,4079,2142,0.475,0.562,88.9,37,-24455.8055,4090,2153,0.474,0.56,249,78,0.687,0.862,4339,2231,0.486,0.591,92.6,37,0.942613505,0.057386495,0.000230468,0.081119545,0.057234574,-24231.7713,4090,2153,0.474,0.56,249,78,0.687,0.862,4339,2231,0.486,0.591,92.7,37,0.942613505,0.057386495,0.000230468,0.081119545,0.057234574,1,1,1,6,6,31,0.166666667,0.1494383,0.125203624,0.07704,6,6,31,0.16666667,0.1494383,0.125203624,0.07704
025_Geisler,Extant,29,60115,29,59811,304,12,0.994943026,0.005056974,0,38124,16408,0.57,0.461,38147,16431,0.569,0.46,25,81.4,1716,1156,0.326,0.56,39863,17587,0.559,0.468,25,80.8,0.956952563,0.043047437,2.50859E-05,0.025139163,0.043039863,2,0,3,6,22,0.183673469,0.1538462,0.2307692,0.2019231,0.1255129,0.1673505,0.1464317,0.142355962,0.0992,0.1157146,0.1664456,0.1422766,-247710.9696,38173,16457,0.569,0.459,94.8,27,-255026.141,38171,16455,0.569,0.459,1753,1193,0.319,0.546,39924,17648,0.558,0.466,94.4,27,0.956091574,0.043908426,2.50476E-05,0.025139163,0.043901049,-254377.729,38171,16455,0.569,0.459,1753,1193,0.319,0.546,39924,17648,0.558,0.466,95,27,0.956091574,0.043908426,2.50476E-05,0.025139163,0.043901049,1,1,1,1,1,26,0.038461538,0.04183764,0.018473782,0.01379,1,1,26,0.038461538,0.04183764,0.018473782,0.01379
026_Jenner,Extant,15,8493,15,8316,177,13,0.979159308,0.020840692,0,8424,2458,0.708,0.293,8468,2502,0.705,0.28,14,30.1,440,223,0.493,0.44,8908,2725,0.694,0.296,14,26.1,0.950606197,0.049393803,0.000112259,0.035096232,0.049342304,0,0,8,8,6,0.666666667,0.6666667,0.6666667,0.6666667,0.3739288,0.3739288,0.3739288,0.456010439,0.40263,0.4560104,0.4560104,0.4560104,-39277.3671,8516,2550,0.701,0.266,63.1,13,-41767.9039,8580,2614,0.695,0.248,413,196,0.525,0.508,8993,2810,0.688,0.274,64.2,13,0.954075392,0.045924608,0.000111198,0.035096232,0.045869739,-41700.5153,8534,2568,0.699,0.261,417,200,0.52,0.497,8951,2768,0.691,0.285,65.7,13,0.953413026,0.046586974,0.000111719,0.035096232,0.046532472,1,1,1,10,10,3,0.833333333,0.3739288,0.61942343,0.53457,10,10,3,0.833333333,0.467411,0.650473217,0.56906
027_Bapst,Extant,18,3501,18,3435,66,5,0.981148243,0.018851757,0,1004,252,0.749,0.775,1004,252,0.749,0.775,9,52.1,196,111,0.434,0.437,1200,363,0.698,0.724,9,68.1,0.836666667,0.163333333,0.000833333,0.101553166,0.163066517,1,0,0,8,9,0.363636364,0,0.5333333,0.2708333,0,0.2222222,0.1388889,0.370438684,0.22483,0,0.2786925,0.1510535,-10269.9125,1009,257,0.745,0.77,75.2,16,-11156.7004,1009,257,0.745,0.77,195,110,0.436,0.442,1204,367,0.695,0.721,80.4,16,0.838039867,0.161960133,0.000830565,0.101553166,0.161691342,-11129.7885,1009,257,0.745,0.77,195,110,0.436,0.442,1204,367,0.695,0.721,81.5,16,0.838039867,0.161960133,0.000830565,0.101553166,0.161691342,1,1,1,2,2,14,0.133333333,0.07407407,0.085869662,0.06987,2,2,14,0.133333333,0.07407407,0.085869662,0.06987
028_Huang,Extant,26,3157,26,3107,50,3,0.984162179,0.015837821,0,5528,2638,0.523,0.585,5530,2640,0.523,0.585,25,79.8,118,51,0.568,0.723,5648,2691,0.524,0.589,25,83,0.979107649,0.020892351,0.000177054,0.022658099,0.020793714,0,0,2,2,23,0.086956522,0.08695652,0.086956522,0.086956522,0.09500957,0.09500957,0.09500957,0.054879462,0.03863,0.05487946,0.05487946,0.05487946,-26406.0332,5553,2663,0.52,0.581,87,24,-27115.3238,5567,2677,0.519,0.579,114,47,0.588,0.745,5681,2724,0.521,0.583,86,24,0.97993311,0.02006689,0.000176025,0.022658099,0.019965218,-27098.5966,5567,2677,0.519,0.579,114,47,0.588,0.745,5681,2724,0.521,0.583,86.1,24,0.97993311,0.02006689,0.000176025,0.022658099,0.019965218,1,1,1,3,3,21,0.130434783,0.09500957,0.127665267,0.0924,3,3,21,0.130434783,0.09500957,0.127665267,0.0924
029_CruzLopezFrancke,Extant,44,4908,44,4836,72,0,0.985330073,0.014669927,0,7032,4231,0.398,0.45,7072,4271,0.396,0.445,35,49.6,312,207,0.337,0.674,7384,4478,0.394,0.462,35,46.1,0.957746479,0.042253521,0.000135428,0.03613214,0.042210134,4,0,12,20,23,0.432432432,0.3658537,0.4878049,0.4268293,0.1829605,0.2613721,0.2308787,0.386296923,0.19862,0.2761318,0.3965629,0.3432564,-35534.0297,7128,4327,0.393,0.438,89.1,42,-37212.9698,7170,4369,0.391,0.432,265,160,0.396,0.748,7435,4529,0.391,0.456,86.4,42,0.964357767,0.035642233,0.000134499,0.03613214,0.035590843,-37212.1035,7170,4369,0.391,0.432,265,160,0.396,0.748,7435,4529,0.391,0.456,88.9,42,0.964357767,0.035642233,0.000134499,0.03613214,0.035590843,1,1,1,9,9,33,0.219512195,0.1306861,0.24205687,0.14724,9,9,33,0.219512195,0.1306861,0.24205687,0.14724
030_Rojas,Extant,85,9862,85,9584,278,15,0.971810992,0.028189008,0,22589,15959,0.294,0.426,22608,15978,0.293,0.426,75,69.4,2491,2081,0.165,0.579,25110,18070,0.28,0.448,75,75,0.900358423,0.099203505,3.98248E-05,0.058238636,0.09919804,4,5,13,15,62,0.189189189,0.1219512,0.2439024,0.1910886,0.08980716,0.1539551,0.1273634,0.137884269,0.05526,0.1072129,0.1502702,0.1310098,-103118.851,22616,15986,0.293,0.425,96.4,83,-116538.2767,22645,16015,0.293,0.424,2495,2085,0.164,0.578,25140,18100,0.28,0.448,94.2,83,0.900755768,0.099244232,3.97772E-05,0.058238636,0.099238814,-116393.7111,22645,16015,0.293,0.424,2495,2085,0.164,0.578,25140,18100,0.28,0.448,94,83,0.900755768,0.099244232,3.97772E-05,0.058238636,0.099238814,1,1,1,9,9,74,0.109756098,0.1026368,0.08447004,0.03735,9,9,74,0.109756098,0.1026368,0.08447004,0.03735
031_Short,Extant,39,4336,39,4294,42,2,0.990313653,0.009686347,0,3862,2408,0.376,0.469,3862,2408,0.376,0.469,34,54.7,112,55,0.509,0.673,3978,2467,0.38,0.476,34,59.5,0.970839618,0.028154852,0.000251383,0.037723362,0.028029575,2,2,2,4,32,0.09090909,0,0.1666667,0.08796296,0,0.089663,0.06475661,0.047632967,0.02854,0,0.07727957,0.04299881,-22137.3835,3878,2424,0.375,0.466,90.9,37,-22820.0208,3879,2425,0.375,0.465,111,54,0.514,0.679,3990,2479,0.379,0.473,91.9,37,0.972180451,0.027819549,0.000250627,0.037723362,0.027693357,-22810.0525,3879,2425,0.375,0.465,111,54,0.514,0.679,3990,2479,0.379,0.473,91.4,37,0.972180451,0.027819549,0.000250627,0.037723362,0.027693357,1,1,1,4,4,33,0.111111111,0.089663,0.062260971,0.03864,4,4,33,0.11111111,0.089663,0.062260971,0.03864
032_ForthmanWeirauch,Extant,56,4254,56,4055,199,27,0.953220498,0.046779502,0,7539,4951,0.343,0.48,7558,4970,0.342,0.478,47,56.8,689,482,0.3,0.598,8247,5452,0.339,0.491,47,64.3,0.916454468,0.083545532,0.000121256,0.074060823,0.083512588,6,0,6,14,41,0.204081633,0.1698113,0.245283,0.2075472,0.1605595,0.1806294,0.1705945,0.151086267,0.07516,0.1021772,0.1612492,0.1348845,-36099.1596,7571,4983,0.342,0.477,88.8,54,-40298.0149,7583,4995,0.341,0.475,687,480,0.301,0.6,8270,5475,0.338,0.489,89.4,54,0.916928658,0.083071342,0.000120919,0.074060823,0.083038339,-40177.2834,7583,4995,0.341,0.475,687,480,0.301,0.6,8270,5475,0.338,0.489,90,54,0.916928658,0.083071342,0.000120919,0.074060823,0.083038339,1,1,1,10,10,44,0.188679245,0.1806294,0.116547357,0.06677,10,10,44,0.188679245,0.1806294,0.116547357,0.06677
033_CameronMardulyn,Extant,10,2537,10,2442,95,0,0.962554198,0.037445802,0,1939,661,0.659,0.364,1939,661,0.659,0.364,8,59,207,93,0.551,0.526,2146,754,0.649,0.39,8,65.4,0.903541473,0.096458527,0.000465983,0.081896552,0.096230873,1,0,0,1,8,0.076923077,0,0.1428571,0.07142857,0,0.1643173,0.08215865,0.088212084,0.07896,0,0.1430712,0.07153559,-10941.1529,1944,666,0.657,0.36,70.9,8,-11859.5155,1944,666,0.657,0.36,211,97,0.54,0.505,2155,763,0.646,0.383,75.9,8,0.902088167,0.097911833,0.000464037,0.081896552,0.097690537,-11852.828,1946,668,0.657,0.358,207,93,0.551,0.526,2153,761,0.647,0.384,76.7,8,0.903855086,0.096144914,0.000464468,0.081896552,0.095917816,1,1,1,2,2,6,0.285714286,0.1643173,0.207038651,0.19748,0,0,8,0,0,0,0
034_Garzon-Ordun,Extant,43,4669,43,4576,93,1,0.980081388,0.019918612,0,2212,948,0.571,0.76,2230,966,0.567,0.755,40,67.5,247,108,0.563,0.863,2477,1074,0.566,0.773,40,70.6,0.9002826,0.0997174,0.000403714,0.099073414,0.099512848,2,2,8,8,32,0.210526316,0.225,0.225,0.225,0.1608646,0.1608646,0.1608646,0.174520324,0.09916,0.1766257,0.17767,0.1771479,-17928.0454,2225,961,0.568,0.757,87.7,41,-19520.167,2237,973,0.565,0.754,245,106,0.567,0.865,2482,1079,0.565,0.772,90.2,41,0.901289283,0.098710717,0.000402901,0.099073414,0.098504696,-19479.1385,2232,968,0.566,0.755,253,114,0.549,0.855,2485,1082,0.565,0.772,90.9,41,0.898189135,0.101810865,0.000402414,0.099073414,0.101613043,1,1,1,7,7,34,0.175,0.1072431,0.169565858,0.10004,9,9,32,0.225,0.1340539,0.183084659,0.10836
035_PerezPol,Extant,11,4110,11,4014,96,1,0.976642336,0.023357664,0,2846,941,0.669,0.376,2847,942,0.669,0.375,10,82.9,195,71,0.636,0.542,3042,1013,0.667,0.39,10,82.2,0.935897436,0.064102564,0.000328731,0.061113849,0.063907504,0,0,1,1,9,0.125,0.125,0.125,0.125,0.1428571,0.1428571,0.1428571,0.156351263,0.13929,0.1563513,0.1563513,0.1563513,-16932.3541,2847,942,0.669,0.375,94.8,9,-17863.8116,2849,944,0.669,0.374,195,71,0.636,0.542,3044,1015,0.667,0.389,92.4,9,0.935939553,0.064060447,0.000328515,0.061113849,0.063865505,-17854.3658,2849,944,0.669,0.374,195,71,0.636,0.542,3044,1015,0.667,0.389,92,9,0.935939553,0.064060447,0.000328515,0.061113849,0.063865505,1,1,1,1,1,8,0.125,0.1428571,0.096408663,0.08555,1,1,8,0.125,0.1428571,0.096408663,0.08555
036_Teta,Extant,24,4540,24,4441,99,0,0.978193833,0.021806167,0,2793,1048,0.625,0.511,2796,1051,0.624,0.51,22,61.2,314,181,0.424,0.695,3112,1234,0.603,0.549,22,73.8,0.898457584,0.100899743,0.000321337,0.070820021,0.100783024,1,1,2,2,20,0.1,0.0952381,0.1428571,0.1309524,0.1044125,0.1044125,0.1044125,0.070869617,0.04932,0.06712635,0.1059054,0.09009231,-18914.9892,2813,1068,0.62,0.502,83.1,22,-20485.5765,2815,1070,0.62,0.501,316,183,0.421,0.691,3131,1253,0.6,0.542,87.1,22,0.899073778,0.100926222,0.000319387,0.070820021,0.100811078,-20483.536,2813,1068,0.62,0.502,315,182,0.422,0.693,3128,1250,0.6,0.543,87.1,22,0.899296675,0.100703325,0.000319693,0.070820021,0.100587709,1,1,1,2,2,20,0.095238095,0.05220626,0.067143693,0.07357,2,2,20,0.095238095,0.05220626,0.067143693,0.05053
037_Chen,Extant,12,2353435,12,2353318,117,8,0.999950285,4.97E-05,0,553973,73627,0.867,0.5,553973,73627,0.867,0.5,11,98,216,96,0.556,0.61,554189,73723,0.867,0.5,11,97.6,0.999610241,0.000389759,1.80444E-06,0.000249758,0.000388756,0,0,0,0,11,0,0,0,0,0,0,0,0,0,0,0,0,-5911548.736,553973,73627,0.867,0.5,96.6,10,-5912495.656,553973,73627,0.867,0.5,216,96,0.556,0.61,554189,73723,0.867,0.5,96.3,10,0.999610241,0.000389759,1.80444E-06,0.000249758,0.000388756,-5912460.814,553973,73627,0.867,0.5,216,96,0.556,0.61,554189,73723,0.867,0.5,96.3,10,0.999610241,0.000389759,1.80444E-06,0.000249758,0.000388756,1,1,1,0,0,10,0,0,0,0,0,0,10,0,0,0,0
038_Santos,Extant,62,2565,62,2451,114,2,0.955555556,0.044444444,0,7891,5897,0.253,0.438,7902,5908,0.252,0.437,61,49.7,400,270,0.325,0.656,8306,6182,0.256,0.452,61,52.6,0.951360462,0.048157958,0.000120395,0.061205273,0.048120313,0,1,19,18,42,0.316239316,0.3050847,0.3220339,0.3135593,0.143815,0.143815,0.143815,0.204199166,0.10381,0.2014871,0.2057813,0.2036342,-34840.9964,7948,5954,0.251,0.433,88.5,60,-37242.1923,7983,5989,0.25,0.429,389,259,0.334,0.67,8372,6248,0.254,0.446,88.8,60,0.953535595,0.046464405,0.000119446,0.061205273,0.046425919,-37227.9089,7983,5989,0.25,0.429,389,259,0.334,0.67,8372,6248,0.254,0.446,87.8,60,0.953535595,0.046464405,0.000119446,0.061205273,0.046425919,1,1,1,21,21,39,0.355932203,0.2157225,0.178562501,0.09222,21,21,39,0.355932203,0.2157225,0.178562501,0.09222
039_Kuntner,Extant,43,4428,43,4197,231,9,0.947831978,0.052168022,0,11701,7591,0.351,0.439,11879,7769,0.346,0.426,42,50.2,1125,876,0.221,0.386,13009,8650,0.335,0.422,42,52.6,0.913137059,0.086478592,7.68699E-05,0.057123193,0.08646383,0,2,24,22,18,0.58974359,0.575,0.6,0.5833333,0.3217293,0.3217293,0.3217293,0.317857086,0.19466,0.3098035,0.3162011,0.3135902,-53732.8991,11739,7629,0.35,0.436,87.5,41,-59959.9082,11955,7845,0.344,0.421,1093,844,0.228,0.408,13048,8689,0.334,0.419,89.8,41,0.916232373,0.083767627,7.66401E-05,0.057123193,0.083752297,-59898.8396,11955,7845,0.344,0.421,1093,844,0.228,0.408,13048,8689,0.334,0.419,90.6,41,0.916232373,0.083767627,7.66401E-05,0.057123193,0.083752297,1,1,1,22,22,19,0.55,0.3217293,0.271566606,0.168,22,22,19,0.55,0.3217293,0.271566606,0.168
040_Giles,Extant,10,10939,10,10674,265,73,0.975774751,0.024225249,0,10305,3048,0.704,0.528,10305,3048,0.704,0.528,9,100,273,69,0.747,0.623,10578,3117,0.705,0.53,9,100,0.974191719,0.025808281,9.45358E-05,0.027342179,0.025739379,0,0,0,0,9,0,0,0,0,0,0,0,0,0,0,0,0,-51589.3178,10305,3048,0.704,0.528,95,8,-53065.0358,10305,3048,0.704,0.528,273,69,0.747,0.623,10578,3117,0.705,0.53,95.7,8,0.974191719,0.025808281,9.45358E-05,0.027342179,0.025739379,-52868.3078,10305,3048,0.704,0.528,273,69,0.747,0.623,10578,3117,0.705,0.53,96,8,0.974191719,0.025808281,9.45358E-05,0.027342179,0.025739379,1,1,1,0,0,8,0,0,0,0,0,0,8,0,0,0,0
041_Ksepka,Extant,59,5143,59,5023,120,0,0.976667315,0.023332685,0,12666,8480,0.33,0.471,12667,8481,0.33,0.471,43,52.2,403,270,0.33,0.746,13077,8758,0.33,0.488,43,59.7,0.968647243,0.030817466,7.64701E-05,0.030794165,0.030793008,6,6,4,8,39,0.139534884,0.05357143,0.2857143,0.1539004,0.0189663,0.1706967,0.08734483,0.11693129,0.04571,0.01939134,0.1618941,0.08316904,-59757.2924,12695,8509,0.33,0.469,89.2,57,-61892.5306,12723,8537,0.329,0.468,392,259,0.339,0.756,13115,8796,0.329,0.486,90,57,0.97011056,0.02988944,7.62486E-05,0.030794165,0.02986434,-61888.9967,12723,8537,0.329,0.468,392,259,0.339,0.756,13115,8796,0.329,0.486,90.1,57,0.97011056,0.02988944,7.62486E-05,0.030794165,0.02986434,1,1,1,10,10,47,0.178571429,0.09483152,0.092176503,0.05,10,10,47,0.178571429,0.09483152,0.092176503,0.05
042_Manos,Extant,35,2070,35,2006,64,0,0.969082126,0.030917874,0,658,189,0.713,0.895,660,191,0.711,0.894,30,70.1,148,54,0.635,0.913,811,248,0.694,0.898,30,71,0.813810111,0.182490752,0.001233046,0.1669627,0.181863395,1,3,4,3,26,0.127272727,0.125,0.25,0.203125,0.1012565,0.1687609,0.1462594,0.110025825,0.06557,0.1105599,0.165757,0.1340603,-12227.8727,658,189,0.713,0.895,82.9,33,-13173.768,660,191,0.711,0.894,151,57,0.623,0.908,811,248,0.694,0.898,82.1,33,0.813810111,0.186189889,0.001233046,0.1669627,0.185580509,-13169.0741,660,191,0.711,0.894,151,57,0.623,0.908,811,248,0.694,0.898,82.5,33,0.813810111,0.186189889,0.001233046,0.1669627,0.185580509,1,1,1,5,5,28,0.15625,0.1350087,0.09672354,0.06511,5,5,28,0.15625,0.1350087,0.09672354,0.06511
043_Swenson,Extant,112,1082,112,926,156,2,0.855822551,0.144177449,0,1121,525,0.532,0.757,1145,549,0.521,0.746,65,37.5,739,503,0.319,0.704,1894,1062,0.439,0.725,65,44.8,0.604540655,0.390179514,0.000527983,0.283653846,0.390101507,20,14,14,25,51,0.284671533,0.3211009,0.5412844,0.4449695,0.172652,0.3261205,0.2492135,0.243446839,0.0565,0.2155693,0.352365,0.2884938,-7654.2222,1126,530,0.529,0.755,84.3,110,-12625.2806,1159,563,0.514,0.74,745,509,0.317,0.7,1904,1072,0.437,0.722,86.2,110,0.608718487,0.391281513,0.00052521,0.283653846,0.391204809,-12609.2784,1161,565,0.513,0.739,745,509,0.317,0.7,1906,1074,0.437,0.722,85.6,110,0.609129066,0.390870934,0.000524659,0.283653846,0.390794217,1,1,1,48,48,62,0.440366972,0.2397945,0.291421636,0.11882,48,48,62,0.440366972,0.2397945,0.284880395,0.11588
044_Cialdella,Extant,40,4254,40,4240,14,0,0.99670898,0.00329102,0,768,141,0.816,0.86,768,141,0.816,0.86,24,48,71,52,0.268,0.559,842,196,0.767,0.826,24,40.4,0.912114014,0.08432304,0.001187648,0.029411765,0.084081343,7,5,1,5,23,0.125,0.02702703,0.4054054,0.2412573,0.02905474,0.2905474,0.1722808,0.110178809,0.0516,0.01734969,0.2345565,0.1389654,-10800.2781,768,141,0.816,0.86,85.9,39,-11154.3101,768,141,0.816,0.86,74,55,0.257,0.534,842,196,0.767,0.826,86.8,39,0.912114014,0.087885986,0.001187648,0.029411765,0.087660612,-11154.2845,768,141,0.816,0.86,74,55,0.257,0.534,842,196,0.767,0.826,87,39,0.912114014,0.087885986,0.001187648,0.029411765,0.087660612,1,1,1,4,4,35,0.105263158,0.08479966,0.070211391,0.05085,4,4,35,0.105263158,0.08479966,0.070211391,0.05085
045_Carrasco,Extant,128,4831,128,4724,107,0,0.977851377,0.022148623,0,15083,12045,0.201,0.505,15087,12049,0.201,0.505,120,67.9,714,556,0.221,0.675,15803,12607,0.202,0.516,120,70.8,0.954692147,0.045181295,6.32791E-05,0.049436796,0.045167887,3,3,7,10,113,0.071129707,0.048,0.112,0.07866667,0.02502346,0.05838807,0.04216916,0.098556301,0.03589,0.07402308,0.09359118,0.08430823,-68458.9642,15146,12108,0.201,0.502,94.2,126,-73674.0429,15154,12116,0.2,0.502,698,540,0.226,0.684,15852,12656,0.202,0.514,94.2,126,0.955967701,0.044032299,6.30835E-05,0.049436796,0.044018603,-73672.9005,15154,12116,0.2,0.502,698,540,0.226,0.684,15852,12656,0.202,0.514,94.8,126,0.955967701,0.044032299,6.30835E-05,0.049436796,0.044018603,1,1,1,20,20,106,0.16,0.108435,0.122328731,0.04449,19,19,107,0.152,0.108435,0.120611847,0.04449
046_Maile,Extant,92,333866,92,333766,100,0,0.999700479,0.000299521,0,435512,207090,0.524,0.587,435517,207095,0.524,0.587,91,70.6,256,136,0.469,0.884,435773,207231,0.524,0.587,91,71.6,0.999412538,0.000587462,2.29477E-06,0.000525068,0.000586386,0,0,6,6,85,0.06741573,0.06741573,0.06741573,0.06741573,0.04719397,0.04719397,0.04719397,0.057129521,0.02356,0.05712952,0.05712952,0.05712952,-2472176.546,436798,208376,0.523,0.584,93.8,90,-2473819.43,436806,208384,0.523,0.584,255,135,0.471,0.885,437061,208519,0.523,0.585,92.3,90,0.999416557,0.000583443,2.28801E-06,0.000525068,0.000582366,-2473807.546,436875,208453,0.523,0.584,249,129,0.482,0.89,437124,208582,0.523,0.585,93,90,0.999430368,0.000569632,2.28768E-06,0.000525068,0.00056853,1,1,1,7,7,83,0.078651685,0.05899247,0.052367477,0.02195,3,3,87,0.03370787,0.03539548,0.016334356,0.00679
047_Schulte,Extant,70,1905,70,1838,67,3,0.964829396,0.035170604,0,14670,11994,0.182,0.383,14670,11994,0.182,0.383,61,60.6,230,152,0.339,0.588,14900,12146,0.185,0.386,61,62.4,0.984563758,0.015436242,6.71141E-05,0.02832244,0.015413681,6,1,0,7,61,0.056,0,0.119403,0.05970149,0,0.07889311,0.03944655,0.079991083,0.0339,0,0.1108832,0.05544062,-57680.6047,14723,12047,0.182,0.38,91.6,68,-58855.109,14758,12082,0.181,0.378,215,137,0.363,0.629,14973,12219,0.184,0.383,91.1,68,0.98564082,0.01435918,6.67869E-05,0.02832244,0.014335112,-58833.7966,14758,12082,0.181,0.378,215,137,0.363,0.629,14973,12219,0.184,0.383,90.8,68,0.98564082,0.01435918,6.67869E-05,0.02832244,0.014335112,1,1,1,10,10,58,0.14925373,0.094671726,0.17293561,0.06776,10,10,58,0.149253731,0.09467173,0.17293561,0.06776
048_AraujoVieira,Extant,53,6026,53,5833,193,0,0.967972121,0.032027879,0,8104,4417,0.455,0.679,8104,4417,0.455,0.679,45,76.5,768,461,0.4,0.779,9539,4948,0.481,0.714,45,79.5,0.849564944,0.080511584,0.000104833,0.066869963,0.080473709,4,4,0,1,45,0.01149425,0.06,0.14,0.1018519,0.04261731,0.1065433,0.07931555,0.006073177,0.00306,0.034312,0.06501236,0.04774884,-42793.6197,8112,4425,0.455,0.678,91.9,51,-46445.4777,8128,4441,0.454,0.677,766,459,0.401,0.78,9572,4981,0.48,0.712,90.6,51,0.849143335,0.080025073,0.000104471,0.066869963,0.079987191,-46440.7975,8128,4441,0.454,0.677,766,459,0.401,0.78,9572,4981,0.48,0.712,92.3,51,0.849143335,0.080025073,0.000104471,0.066869963,0.079987191,1,1,1,1,1,50,0.02,0.02130866,0.008091226,0.00453,1,1,50,0.02,0.02130866,0.008091226,0.00453
049_Mendelson,Extant,37,5942,37,5898,44,0,0.992595086,0.007404914,0,7152,4375,0.388,0.503,7152,4375,0.388,0.503,33,82.1,217,157,0.276,0.473,7369,4532,0.385,0.502,33,83.3,0.970552314,0.029447686,0.000135704,0.021149101,0.029411769,3,1,0,2,33,0.03125,0,0.08823529,0.04411765,0,0.0634076,0.03698777,0.05516673,0.0338,0,0.08552065,0.04297542,-66087.4815,7154,4377,0.388,0.503,95.1,35,-67048.8909,7154,4377,0.388,0.503,225,165,0.267,0.446,7379,4542,0.384,0.501,94.8,35,0.969508063,0.030491937,0.00013552,0.021149101,0.030457338,-67049.2936,7154,4377,0.388,0.503,225,165,0.267,0.446,7379,4542,0.384,0.501,94.3,35,0.969508063,0.030491937,0.00013552,0.021149101,0.030457338,1,1,1,0,0,35,0,0,0,0,0,0,35,0,0,0,0
050_Pereyra,Extant,320,8352,320,8269,90,0,0.990062261,0.010775862,0,23441,17825,0.24,0.763,23442,17826,0.24,0.763,261,59.5,714,577,0.192,0.531,24201,18448,0.238,0.759,260,60.8,0.96863766,0.029502913,4.13206E-05,0.023813662,0.02949527,31,30,7,6,254,0.025145068,0.06940063,0.1861199,0.1301494,0.04860917,0.1296245,0.09103113,0.036319771,0.00669,0.02673637,0.08337077,0.05750452,-119119.9713,23504,17888,0.239,0.762,94.2,318,-122926.0747,23512,17896,0.239,0.762,723,586,0.189,0.524,24277,18524,0.237,0.758,94.3,318,0.968488693,0.029781274,4.11913E-05,0.023813662,0.02977378,-122926.1854,23512,17896,0.239,0.762,723,586,0.189,0.524,24277,18524,0.237,0.758,93.9,318,0.968488693,0.029781274,4.11913E-05,0.023813662,0.02977378,1,1,1,22,22,296,0.06940063,0.048609174,0.04268608,0.00502,22,22,296,0.069400631,0.04860917,0.04268608,0.00706
051_Whitcher,Extant,243,661467,243,661266,201,0,0.99969613,0.00030387,0,968328,534131,0.448,0.76,968328,534131,0.448,0.76,229,88.7,1257,975,0.224,0.529,969585,535106,0.448,0.76,229,88.7,0.998703569,0.001296431,1.03137E-06,0.000649053,0.001296201,8,8,0,0,229,0,0,0.05416667,0.03135234,0,0.04296679,0.02427314,0,0,0,0.02111058,0.01137779,-6476961.493,968675,534478,0.448,0.76,97.6,241,-6477301.679,968679,534482,0.448,0.76,1258,976,0.224,0.529,969937,535458,0.448,0.759,99.4,241,0.998703009,0.001296991,1.03099E-06,0.000649053,0.001296761,-6477300.054,968676,534479,0.448,0.76,1258,976,0.224,0.529,969934,535455,0.448,0.759,98.1,241,0.998703005,0.001296995,1.031E-06,0.000649053,0.001296765,1,1,1,2,2,239,0.008333333,0.008593357,0.002149392,0.00053,5,5,236,0.02083333,0.012890036,0.007629812,0.0019
052_Pyron,Extant,94,9074,94,8710,364,23,0.959885387,0.040114613,0,41461,30861,0.256,0.429,41518,30918,0.255,0.428,77,52.8,2164,1698,0.215,0.681,43700,32634,0.253,0.451,84,59.1,0.95006865,0.049519451,2.28833E-05,0.042110971,0.049514818,2,4,16,23,61,0.248407643,0.2307692,0.3516484,0.2975486,0.1153347,0.1845355,0.154981,0.225738213,0.07887,0.1449755,0.1832944,0.1650067,-166618.4594,41651,31051,0.254,0.426,90.8,92,-180729.2225,41808,31208,0.254,0.423,2071,1605,0.225,0.699,43879,32813,0.252,0.448,93.6,92,0.952802024,0.047197976,2.27899E-05,0.042110971,0.04719312,-180544.5232,41779,31179,0.254,0.424,2069,1603,0.225,0.699,43848,32782,0.252,0.448,92.9,92,0.952814267,0.047185733,2.28061E-05,0.042110971,0.047180872,1,1,1,35,35,57,0.38461538,0.230669417,0.23082456,0.10509,36,36,56,0.395604396,0.2422029,0.231428177,0.10509
053_Azevedo,Extant,156,35506,156,35106,400,129,0.988734298,0.011265702,0,129351,102793,0.205,0.394,129377,102819,0.205,0.394,132,56,1761,1432,0.187,0.485,131140,104253,0.205,0.395,145,58.8,0.986556352,0.013428397,7.62544E-06,0.012236397,0.013426992,13,4,24,37,108,0.22344322,0.1830065,0.2875817,0.2400013,0.06789089,0.1289927,0.1040016,0.147246214,0.04072,0.06661809,0.1032334,0.08811249,-584119.3653,129705,103147,0.205,0.392,93.3,154,-593035.6066,129807,103249,0.205,0.391,1761,1432,0.187,0.485,131568,104681,0.204,0.393,87.6,154,0.986615286,0.013384714,7.60063E-06,0.012236397,0.013383313,-593693.4024,129692,103134,0.205,0.392,1728,1399,0.19,0.497,131420,104533,0.205,0.394,92.4,154,0.986851316,0.013148684,7.60919E-06,0.012236397,0.013147258,1,1,1,39,39,115,0.25490196,0.156149051,0.1449419,0.04697,54,54,100,0.352941176,0.1697272,0.185799145,0.06182
054_Beck,Extant,20,10662,20,10244,418,109,0.960795348,0.039204652,0,2162,330,0.847,0.792,2180,348,0.84,0.781,19,90.3,1003,559,0.443,0.504,3184,908,0.715,0.665,17,83.3,0.684673367,0.315012563,0.00031407,0.195079086,0.314944154,0,2,4,2,15,0.1875,0.1764706,0.2352941,0.2058824,0.1300502,0.1950753,0.1625627,0.163613626,0.1216,0.1283348,0.1873187,0.1578268,-27730.7532,2163,331,0.847,0.791,93.9,18,-32349.4584,2163,331,0.847,0.791,1027,583,0.432,0.483,3190,914,0.713,0.663,93.7,18,0.678056426,0.321943574,0.00031348,0.195079086,0.321880094,-31873.3818,2163,331,0.847,0.791,1027,583,0.432,0.483,3190,914,0.713,0.663,93.9,18,0.678056426,0.321943574,0.00031348,0.195079086,0.321880094,1,1,1,1,1,17,0.05882353,0.065025088,0.05217763,0.04229,1,1,17,0.058823529,0.06502509,0.052177633,0.04229
055_Jauregui-Lazo,Extant,98,72306,98,72263,43,0,0.999405305,0.000594695,0,53573,23405,0.563,0.689,53573,23405,0.563,0.689,97,81.1,729,645,0.115,0.463,54302,24050,0.557,0.685,97,79.6,0.98657508,0.01342492,1.84155E-05,0.002776676,0.01342294,0,0,0,0,97,0,0,0,0,0,0,0,0,0,0,0,0,-436927.1037,53681,23513,0.562,0.687,93.5,96,-438336.9961,53619,23451,0.563,0.688,721,637,0.117,0.47,54340,24088,0.557,0.685,93.6,96,0.986731689,0.013268311,1.84026E-05,0.002776676,0.013266294,-440024.1934,53614,23446,0.563,0.688,726,642,0.116,0.466,54340,24088,0.557,0.685,95.3,96,0.986639676,0.013360324,1.84026E-05,0.002776676,0.013358326,1,1,1,17,17,79,0.17894737,0.088299226,0.07253293,0.03083,13,13,83,0.136842105,0.06622442,0.067525195,0.02912
057_Chakrabarty,Extant,35,95400,35,95274,126,1,0.998679245,0.001320755,0,94454,34533,0.634,0.689,94454,34533,0.634,0.689,34,94.5,167,42,0.749,0.953,94621,34575,0.635,0.691,34,92.1,0.998235064,0.001764936,1.05685E-05,0.002081737,0.001757032,0,0,0,0,34,0,0,0,0,0,0,0,0,0,0,0,0,-614846.3165,94528,34607,0.634,0.688,96.7,33,-615583.9679,94528,34607,0.634,0.688,168,43,0.744,0.952,94696,34650,0.634,0.69,96.5,33,0.998225902,0.001774098,1.05601E-05,0.002081737,0.001766253,-615532.2276,94528,34607,0.634,0.688,168,43,0.744,0.952,94696,34650,0.634,0.69,96.7,33,0.998225902,0.001774098,1.05601E-05,0.002081737,0.001766253,1,1,1,0,0,33,0,0,0,0,0,0,33,0,0,0,0
058_Scarpetta,Extant,44,1053619,44,1053473,146,178,0.99986143,0.00013857,0,364615,100041,0.726,0.53,364617,100043,0.726,0.53,43,85.6,543,371,0.32,0.542,365160,100415,0.725,0.53,43,85.5,0.998512981,0.001487019,2.73853E-06,0.000649682,0.001486146,0,0,4,4,39,0.09756098,0.09756098,0.09756098,0.09756098,0.02613721,0.02613721,0.02613721,0.082180209,0.24262,0.08218021,0.08218021,0.08218021,-3560949.783,364746,100172,0.725,0.53,97.9,42,-3563420.745,364746,100172,0.725,0.53,545,373,0.319,0.539,365291,100546,0.725,0.529,98.2,42,0.998508039,0.001491961,2.73754E-06,0.000649682,0.001491091,-3563411.994,364746,100172,0.725,0.53,545,373,0.319,0.539,365291,100546,0.725,0.529,97.9,42,0.998508039,0.001491961,2.73754E-06,0.000649682,0.001491091,1,1,1,0,0,42,0,0,0,0,0,0,42,0,0,0,0
003_Leary,Extinct,37,2780,9,2657,123,1,0.955755396,0.044244604,28,2131,599,0.719,0.449,2131,599,0.719,0.449,8,93.9,430,267,0.379,0.695,2631,907,0.655,0.57,29,36.8,0.809958191,0.163435956,0.000380084,0.094547564,0.094568286,0,3,3,0,5,0.333333333,0,0,0,0,0,0,0.368321917,0.25,0,0,0,-12528.8058,2135,603,0.718,0.446,89.5,7,-14581.1287,2138,606,0.717,0.443,436,273,0.374,0.688,2646,922,0.652,0.563,76.8,35,0.808012094,0.164777022,0.000377929,0.094547564,0.094519335,-14582.2824,2138,606,0.717,0.443,437,274,0.373,0.687,2647,923,0.651,0.563,74.3,35,0.807706838,0.165092558,0.000377786,0.094547564,0.094592203,1,1,1,1,2,6,0.166666667,0.1931574,0.144415288,0.13829,1,2,6,0.166666667,0.193157424,0.144415288,0.13829
007_Echevarria,Extinct,270,14315,267,14264,51,0,0.996437304,0.003562696,3,83483,69543,0.167,0.448,83483,69543,0.167,0.448,237,63.2,312,235,0.247,0.782,83798,69781,0.167,0.451,188,61.2,0.99624096,0.003723239,1.19335E-05,0.00549333,0.005506827,11,11,49,0,188,0.116389549,0,0.075757576,0.03841601,0,0.05461058,0.0299536,0.229444534,0.03819,0,0.038168301,0.021795042,-347967.7899,83799,69859,0.166,0.446,81.9,265,-349300.2247,83800,69860,0.166,0.446,341,264,0.226,0.756,84141,70124,0.167,0.448,96.6,268,0.995947279,0.004052721,1.18848E-05,0.00549333,0.005484521,-349300.2328,83800,69860,0.166,0.446,341,264,0.226,0.756,84141,70124,0.167,0.448,96.3,268,0.995947279,0.004052721,1.18848E-05,0.00549333,0.005484521,1,1,1,11,11,254,0.041666667,0.01170227,0.020791359,0.00509,11,11,254,0.041666667,0.011702267,0.020791359,0.00509
008_Cascini,Extinct,32,15372,28,15253,119,0,0.992258652,0.007741348,4,15355,9373,0.39,0.421,15355,9373,0.39,0.421,27,89.9,398,197,0.505,0.654,15755,9572,0.392,0.433,31,94.4,0.974611235,0.025261822,6.34719E-05,0.032508491,0.032543928,0,0,0,0,27,0,0,0,0,0,0,0,0,0,0,0,0,-82259.598,15357,9375,0.39,0.421,95.4,26,-84521.8093,15442,9460,0.387,0.415,386,185,0.521,0.675,15830,9647,0.391,0.429,90.5,31,0.975489577,0.024384081,6.31712E-05,0.032508491,0.03249132,-84521.8093,15442,9460,0.387,0.415,386,185,0.521,0.675,15830,9647,0.391,0.429,90.9,31,0.975489577,0.024384081,6.31712E-05,0.032508491,0.03249132,1,1,1,4,4,22,0.16,0.1307162,0.120212459,0.09133,4,4,22,0.16,0.130716162,0.120212459,0.09133
009_Wood,Extinct,37,5444,32,5316,128,0,0.976487877,0.023512123,5,9349,4624,0.505,0.462,9364,4639,0.505,0.461,21,55.1,370,204,0.449,0.754,9740,4849,0.502,0.486,22,39.8,0.961396304,0.03798768,0.000102669,0.03393989,0.033977028,4,5,5,2,16,0.2,0.206896552,0.344827586,0.283524904,0.07473454,0.2615709,0.1702287,0.173652514,0.0715,0.171050525,0.246591635,0.213549313,-44986.6141,9379,4654,0.504,0.459,87.8,30,-47246.404,9391,4666,0.503,0.458,371,205,0.447,0.753,9762,4871,0.501,0.484,84.9,35,0.961995493,0.038004507,0.000102438,0.03393989,0.033908213,-47246.404,9391,4666,0.503,0.458,371,205,0.447,0.753,9762,4871,0.501,0.484,85.8,35,0.961995493,0.038004507,0.000102438,0.03393989,0.033908213,1,1,1,7,7,23,0.24137931,0.1494691,0.188363502,0.1314,7,7,23,0.24137931,0.149469083,0.188363502,0.1314
010_Anker,Extinct,22,548,16,509,39,0,0.928832117,0.071167883,6,546,235,0.57,0.52,547,236,0.569,0.518,15,64.6,95,44,0.537,0.746,643,281,0.563,0.576,14,46.1,0.850699844,0.147744946,0.00155521,0.140883978,0.140921911,0,4,3,1,12,0.166666667,0.076923077,0.076923077,0.076923077,0.08599065,0.08599065,0.08599065,0.151196114,0.11841,0.061618605,0.061618605,0.061618605,-2964.2402,547,236,0.569,0.518,75.8,12,-3437.9441,551,240,0.564,0.51,97,46,0.526,0.734,661,299,0.548,0.549,77,21,0.833585477,0.146747352,0.001512859,0.140883978,0.140856035,-3435.7106,551,240,0.564,0.51,97,46,0.526,0.734,661,299,0.548,0.549,76.2,21,0.833585477,0.146747352,0.001512859,0.140883978,0.140856035,1,1,1,1,2,13,0.076923077,0.08599065,0.091606133,0.07731,1,2,13,0.076923077,0.08599065,0.091606133,0.07731
011_Beck,Extinct,182,24717,107,24537,180,0,0.992717563,0.007282437,75,154682,125261,0.503,0.458,154685,125264,0.19,0.468,105,80.4,701,453,0.364,0.881,155686,125717,0.191,0.475,102,20.3,0.993570392,0.004502653,6.42319E-06,0.008275218,0.008580972,1,2,11,8,94,0.093596059,0.067307692,0.115384615,0.091346154,0.06037643,0.1006274,0.08050191,0.08068736,0.07086,0.067691493,0.091549774,0.079788907,-1024688.516,154952,125531,0.19,0.467,97.2,105,-1028961.532,154952,125531,0.19,0.467,1033,778,0.247,0.793,155985,126309,0.19,0.472,85.1,180,0.993377568,0.006622432,6.41087E-06,0.008592802,0.008609161,-1026119.853,154952,125531,0.19,0.467,1033,778,0.247,0.793,155985,126309,0.19,0.472,87.8,180,0.993377568,0.006622432,6.41087E-06,0.008592802,0.008609161,1,1,1,8,9,97,0,0,0,0.00177,3,4,102,0,0,0,0.00424
013_Vinther,Extinct,62,2164,37,2030,134,11,0.938077634,0.061922366,25,6183,3108,0.497,0.391,6186,3111,0.497,0.391,36,54.3,218,84,0.615,0.869,6410,3201,0.501,0.443,32,27.3,0.965054602,0.03400936,0.000156006,0.041757557,0.041748017,0,5,10,1,26,0.186440678,0.176470588,0.235294118,0.221124946,0.0951114,0.1268152,0.1126989,0.242382356,0.12977,0.154757865,0.171291087,0.163134261,-37683.1988,6199,3124,0.496,0.388,79.6,35,-39210.4395,6196,3121,0.496,0.389,227,93,0.59,0.854,6423,3214,0.5,0.44,82.2,60,0.964658259,0.035341741,0.00015569,0.041757557,0.041703254,-39185.0083,6196,3121,0.496,0.389,226,92,0.593,0.856,6422,3213,0.5,0.441,83,60,0.964808471,0.035191529,0.000155715,0.041757557,0.041737154,1,1,1,1,1,34,0.029411765,0.0317038,0.023541331,0.01541,1,1,34,0.029411765,0.0317038,0.023541331,0.01541
017_Ronquist,Extinct,113,5449,59,5096,353,2,0.935217471,0.064782529,54,15896,11875,0.253,0.377,15949,11928,0.252,0.374,58,49.3,1566,1084,0.308,0.701,17561,13058,0.256,0.434,2,18.8,0.908205683,0.089174876,5.69444E-05,0.107039751,0.107288523,0,1,56,0,2,1,0.267857143,0.285714286,0.272778003,0.1706967,0.189663,0.1759233,1,0.2613,0.17843049,0.188464394,0.181195514,-65935.5365,16062,12041,0.25,0.368,76.2,57,-75240.6578,16076,12055,0.25,0.367,1531,1049,0.315,0.711,17651,13148,0.255,0.43,77.4,104,0.910769928,0.086737295,5.6654E-05,0.107039751,0.107146071,-75232.5031,16119,12098,0.249,0.365,1526,1044,0.316,0.712,17695,13192,0.254,0.428,77,104,0.910935292,0.086239051,5.65131E-05,0.107039751,0.107289527,1,1,1,16,16,41,0.285714286,0.1706967,0.138736751,0.07572,14,14,43,0.25,0.15173044,0.130315789,0.07134
021_HarringtonReeder,Extinct,65,34387,37,33717,670,0,0.980515893,0.019484107,28,40611,17894,0.559,0.643,40619,17902,0.559,0.643,32,88,2157,1238,0.426,0.742,42776,19140,0.553,0.651,2,12.6,0.949574528,0.050425472,2.33776E-05,0.038881367,0.038844939,2,1,30,0,2,1,0.088235294,0.117647059,0.098039216,0.0317038,0.0634076,0.04227173,1,0.27405,0.08680754,0.12449184,0.106537307,-239011.124,40612,17895,0.559,0.643,95.2,35,-251146.787,40625,17908,0.559,0.643,2167,1248,0.424,0.74,42792,19156,0.552,0.651,88.1,61,0.949359693,0.050640307,2.33689E-05,0.038881367,0.038897627,-251144.3158,40624,17907,0.559,0.643,2158,1239,0.426,0.742,42782,19146,0.552,0.651,89.3,61,0.949558225,0.050441775,2.33743E-05,0.038881367,0.038927891,1,1,1,3,3,32,0.088235294,0.0634076,0.07174531,0.04909,2,2,33,0.058823529,0.0317038,0.060645943,0.04133
024_Garwood,Extinct,44,4138,39,3885,253,97,0.938859352,0.061140648,5,4066,2129,0.476,0.565,4070,2133,0.476,0.564,34,64,243,88,0.638,0.851,4350,2233,0.487,0.596,10,36.3,0.935632184,0.055862069,0.000229885,0.073216816,0.073182752,2,2,24,0,10,0.6,0.111111111,0.277777778,0.196269262,0.089663,0.179326,0.1280043,0.70072068,0.24167,0.087151197,0.180218776,0.134129129,-23208.4641,4079,2142,0.475,0.562,88.9,38,-24582.3928,4088,2151,0.474,0.56,240,85,0.646,0.856,4363,2246,0.485,0.594,86.5,42,0.936969975,0.055008022,0.0002292,0.073216816,0.073268417,-24375.1168,4088,2151,0.474,0.56,240,85,0.646,0.856,4363,2246,0.485,0.594,86.1,42,0.936969975,0.055008022,0.0002292,0.073216816,0.073268417,1,1,1,6,6,31,0.166666667,0.1494383,0.125448265,0.077,6,6,31,0.166666667,0.149438327,0.125448265,0.077
028_Huang,Extinct,78,3157,26,3107,50,0,0.984162179,0.015837821,52,5528,2638,0.523,0.585,5530,2640,0.523,0.585,25,79.8,161,88,0.453,0.834,5691,2728,0.521,0.604,19,10,0.971709717,0.028290283,0.000175716,0.024637192,0.024597885,0,10,12,2,13,0.388888889,0.086956522,0.086956522,0.086956522,0.09500957,0.09500957,0.09500957,0.399885909,0.21074,0.054879462,0.054879462,0.054879462,-26406.0332,5553,2663,0.52,0.581,87,24,-27406.2594,5553,2663,0.52,0.581,161,88,0.453,0.834,5714,2751,0.519,0.6,74.2,76,0.971823591,0.028176409,0.000175009,0.024637192,0.024593282,-27403.3407,5553,2663,0.52,0.581,160,87,0.456,0.836,5713,2750,0.519,0.601,73.5,76,0.971993699,0.028006301,0.000175039,0.024637192,0.024606693,1,1,1,0,0,24,0,0,0,0,0,0,24,0,0,0,0
029_CruzLopezFrancke,Extinct,47,4908,44,4836,72,0,0.985330073,0.014669927,44,7032,4231,0.398,0.45,7072,4271,0.396,0.445,35,49.6,317,212,0.331,0.68,7389,4483,0.393,0.464,38,34.9,0.957098389,0.042901611,0.000135336,0.03613214,0.036133417,4,1,13,14,22,0.402985075,0.365853659,0.487804878,0.426829268,0.1829605,0.2613721,0.2308787,0.340017489,0.1457,0.276131838,0.396562948,0.343256405,-35534.0297,7128,4327,0.393,0.438,89.1,42,-37250.7047,7170,4369,0.391,0.432,270,165,0.389,0.751,7440,4534,0.391,0.457,85.1,45,0.963709677,0.036290323,0.000134409,0.03613214,0.036104694,-37256.4161,7173,4372,0.39,0.432,267,162,0.393,0.755,7440,4534,0.391,0.457,86,45,0.964112903,0.035887097,0.000134409,0.03613214,0.036070662,1,1,1,10,11,32,0.243902439,0.1306861,0.261193218,0.16116,9,9,33,0.219512195,0.130686053,0.24205687,0.14724
031_Short,Extinct,44,4336,39,4294,42,0,0.990313653,0.009686347,5,3862,2408,0.376,0.469,3862,2408,0.376,0.469,34,54.7,126,66,0.476,0.707,3990,2476,0.379,0.48,40,55.9,0.967919799,0.031578947,0.000250627,0.039630119,0.039661158,2,3,2,4,32,0.090909091,0,0.166666667,0.083333333,0,0.089663,0.05977533,0.047632967,0.02854,0,0.064589082,0.036299335,-22137.3835,3878,2424,0.375,0.466,90.9,37,-22903.9205,3879,2425,0.375,0.465,124,64,0.484,0.716,4003,2489,0.378,0.477,91.9,42,0.969023233,0.030976767,0.000249813,0.039630119,0.039663374,-22902,3879,2425,0.375,0.465,124,64,0.484,0.716,4003,2489,0.378,0.477,91.9,42,0.969023233,0.030976767,0.000249813,0.039630119,0.039663374,1,1,1,4,4,33,0.111111111,0.089663,0.062260971,0.03864,4,4,33,0.111111111,0.089662996,0.062260971,0.03864
038_Santos,Extinct,94,2565,62,2451,114,0,0.955555556,0.044444444,32,7891,5897,0.253,0.438,7898,5904,0.252,0.437,61,49.7,493,358,0.274,0.685,8392,6263,0.254,0.462,44,26,0.941134414,0.058746425,0.000119161,0.063410052,0.063372128,0,8,29,3,32,0.347826087,0.220338983,0.237288136,0.232638803,0.1078613,0.1258381,0.1209069,0.420971199,0.15423,0.17862675,0.183664598,0.182282663,-34840.9964,7948,5954,0.251,0.433,88.5,60,-37774.98,7997,6003,0.249,0.428,482,347,0.28,0.695,8479,6350,0.251,0.454,85.8,92,0.943153674,0.056846326,0.000117938,0.063410052,0.063414228,-37699.9717,8000,6006,0.249,0.428,480,345,0.281,0.697,8480,6351,0.251,0.454,84.2,92,0.943396226,0.056603774,0.000117925,0.063410052,0.063369165,1,1,1,22,22,38,0.372881356,0.2336994,0.230873857,0.11804,22,22,38,0.372881356,0.233699393,0.233720506,0.11902
039_Kuntner,Extinct,61,4428,43,4197,231,0,0.947831978,0.052168022,18,11701,7591,0.351,0.439,11875,7765,0.346,0.426,42,50.2,1315,1053,0.199,0.527,13215,8843,0.331,0.439,38,31.7,0.898600076,0.099508135,7.56716E-05,0.059926807,0.059825132,0,2,32,12,10,0.733333333,0.575,0.625,0.6,0.3217293,0.3485401,0.3293895,0.636778506,0.26212,0.331366668,0.346757339,0.339789821,-53732.8991,11739,7629,0.35,0.436,87.5,41,-61519.1527,11979,7869,0.343,0.419,1285,1023,0.204,0.541,13264,8892,0.33,0.436,87.9,59,0.90312123,0.09687877,7.5392E-05,0.059926807,0.059888694,-61503.2933,12018,7908,0.342,0.416,1267,1005,0.207,0.549,13285,8913,0.329,0.435,89.6,59,0.904629281,0.095370719,7.52729E-05,0.059926807,0.060005285,1,1,1,25,26,16,0.625,0.2949185,0.29433849,0.18291,24,25,17,0.6,0.321729292,0.291563204,0.18233
040_Giles,Extinct,93,10939,10,10674,265,1,0.975774751,0.024225249,83,10305,3048,0.704,0.528,10305,3048,0.704,0.528,9,100,1328,1033,0.222,0.641,11633,4081,0.649,0.562,63,18.6,0.885842001,0.114157999,8.59623E-05,0.0390625,0.039049423,0,5,1,0,8,0.076923077,0,0,0,0,0,0,0.095420687,0.08132,0,0,0,-51589.3178,10305,3048,0.704,0.528,95,8,-58852.0646,10305,3048,0.704,0.528,273,64,NA,NA,10578,3112,0.714,0.676,82.4,97,0.974191719,0.025808281,9.45358E-05,0.027993571,NA,-58824.2274,10305,3048,0.704,0.528,273,64,NA,NA,10578,3112,0.714,0.676,79.4,97,0.974191719,0.025808281,9.45358E-05,0.027993571,NA,1,1,1,0,0,8,0,0,0,0,0,0,8,0,0,0,0
042_Manos,Extinct,40,2070,35,2006,64,0,0.969082126,0.030917874,5,658,189,0.713,0.895,660,191,0.711,0.894,30,70.1,161,67,0.584,0.901,821,258,0.686,0.896,36,54.5,0.803897686,0.196102314,0.001218027,0.1669627,0.166944244,1,2,3,5,27,0.137931034,0.125,0.1875,0.166666667,0.1012565,0.1350087,0.1293833,0.118141269,0.07385,0.110559899,0.125034128,0.118079502,-6354.8494,658,189,0.713,0.895,83,33,-7375.5749,664,195,0.706,0.892,164,70,0.573,0.897,828,265,0.68,0.893,85.2,38,0.801932367,0.198067633,0.001207729,0.1669627,0.166901108,-7372.4042,664,195,0.706,0.892,164,70,0.573,0.897,828,265,0.68,0.893,85.5,38,0.801932367,0.198067633,0.001207729,0.1669627,0.166901108,1,1,1,8,8,25,0.25,0.2025131,0.14625418,0.09909,8,8,25,0.25,0.202513061,0.14625418,0.09909
046_Maile,Extinct,99,333866,92,333766,100,0,0.999700479,0.000299521,7,435512,207090,0.524,0.587,435517,207095,0.524,0.587,91,70.6,259,139,0.463,0.896,435776,207234,0.524,0.587,88,64.5,0.999405658,0.000594342,2.29476E-06,0.000525068,0.000525153,0,2,11,6,80,0.098265896,0.06741573,0.06741573,0.06741573,0.04719397,0.04719397,0.04719397,0.07720726,0.03125,0.057129521,0.057129521,0.057129521,-2472176.546,436798,208376,0.523,0.584,93.8,90,-2473844.854,436923,208501,0.523,0.584,253,133,0.474,0.9,437176,208634,0.523,0.585,89.9,97,0.999421286,0.000578714,2.28741E-06,0.000525068,0.000524494,-2473836.886,436905,208483,0.523,0.584,254,134,0.472,0.899,437159,208617,0.523,0.585,90.6,97,0.999418976,0.000581024,2.2875E-06,0.000525068,0.000524366,1,1,1,7,7,83,0.078651685,0.04719397,0.052700543,0.02223,8,8,82,0.08988764,0.047193974,0.047482816,0.02003
048_AraujoVieira,Extinct,55,6026,53,5833,193,0,0.967972121,0.032027879,2,8104,4417,0.455,0.679,8104,4417,0.455,0.679,45,76.5,854,545,0.362,0.774,9559,4966,0.48,0.713,45,73.9,0.847787425,0.089339889,0.000104613,0.06727629,0.067377166,4,5,2,1,43,0.035294118,0.04,0.14,0.097037037,0.02130866,0.1065433,0.0749749,0.029307973,0.01441,0.015214971,0.071755777,0.047375176,-42793.6197,8112,4425,0.455,0.678,91.9,51,-46559.6945,8128,4441,0.454,0.677,848,539,0.364,0.776,9592,4999,0.479,0.711,91.2,53,0.847372811,0.088407006,0.000104254,0.06727629,0.067181942,-46555.3774,8128,4441,0.454,0.677,848,539,0.364,0.776,9592,4999,0.479,0.711,92.3,53,0.847372811,0.088407006,0.000104254,0.06727629,0.067181942,1,1,1,1,1,50,0.02,0.02130866,0.008091226,0.00453,1,1,50,0.02,0.021308656,0.008091226,0.00453
052_Pyron,Extinct,223,9074,94,8710,364,6,0.959885387,0.040114613,129,41461,30861,0.256,0.429,41518,30918,0.255,0.428,77,52.8,3499,2993,0.145,0.69,45018,33912,0.247,0.468,212,72.6,0.922253321,0.077724466,2.22133E-05,0.045560958,0.045627723,2,8,13,28,64,0.248484848,0.230769231,0.318681319,0.281065089,0.1153347,0.1499351,0.1346311,0.225952718,0.08404,0.146582016,0.176834701,0.162669127,-166618.4594,41651,31051,0.254,0.426,90.8,92,-189291.0143,41726,31126,0.254,0.424,3431,2925,0.147,0.697,45157,34051,0.246,0.466,87.8,221,0.924020639,0.075979361,2.2145E-05,0.045560958,0.045402301,-189245.3926,41736,31136,0.254,0.424,3430,2924,0.148,0.697,45166,34060,0.246,0.466,86.6,221,0.92405792,0.07594208,2.21405E-05,0.045560958,0.045688731,1,1,1,36,37,56,0.395604396,0.2191359,0.240189733,0.10392,35,36,57,0.384615385,0.219135946,0.238461575,0.10307
054_Beck,Extinct,48,10662,20,10244,418,70,0.960795348,0.039204652,28,2162,330,0.847,0.792,2170,338,0.844,0.787,19,90.3,1794,1263,0.296,0.484,3964,1601,0.596,0.603,26,79.9,0.547426842,0.452573158,0.00025227,0.224714346,0.224767877,0,1,8,2,11,0.24137931,0.117647059,0.117647059,0.117647059,0.1300502,0.1300502,0.1300502,0.270511568,0.1738,0.108321593,0.108321593,0.108321593,-27730.7532,2163,331,0.847,0.791,93.9,18,-35367.2033,2163,331,0.847,0.791,1838,1307,0.289,0.466,4001,1638,0.591,0.594,82.9,46,0.540614846,0.459385154,0.000249938,0.224714346,0.224640117,-34968.583,2162,330,0.847,0.792,1830,1299,0.29,0.47,3992,1629,0.592,0.596,76.3,46,0.541583166,0.458416834,0.000250501,0.224714346,0.2245623,1,1,1,4,5,14,0.058823529,0.06502509,0.06767407,0.03881,4,5,14,0.058823529,0.065025088,0.06767407,0.03881
058_Scarpetta,Extinct,50,1053619,50,1053473,146,178,0.99986143,0.00013857,6,364615,100041,0.726,0.53,364617,100043,0.726,0.53,43,85.6,585,411,0.297,0.489,365202,100454,0.725,0.53,42,89.1,0.998398147,0.001601853,2.73821E-06,0.000657229,0.000656207,0,3,8,4,35,0.153846154,0.097560976,0.097560976,0.097560976,0.02613721,0.02613721,0.02613721,0.123587227,0.06854,0.082180209,0.082180209,0.082180209,-3560949.796,364746,100172,0.725,0.53,97.8,42,-3563689.226,364746,100172,0.725,0.53,591,417,0.294,0.482,365337,100589,0.725,0.529,94.1,48,0.998382316,0.001617684,2.7372E-06,0.000657229,0.000655999,-3563674.936,364746,100172,0.725,0.53,587,413,0.296,0.487,365333,100585,0.725,0.529,95.5,48,0.998393247,0.001606753,2.73723E-06,0.000657229,0.000655999,1,1,1,0,0,42,0,0,0,0,0,0,42,0,0,0,0